Order,Method,Amount,Fixed,Variable,Expected_Charge
MAKKAH/112720,TAMARA,199.0,1.5,8.457500000000001,9.96
MAKKAH/112701,TABBY,499.0,1.0,24.950000000000003,25.95
MAKKAH/112692,TAMARA,199.0,1.5,8.457500000000001,9.96
MAKKAH/112691,TAMARA,249.0,1.5,10.582500000000001,12.08
MAKKAH/112659,TABBY,222.0,1.0,11.100000000000001,12.1
MAKKAH/112622,TABBY,499.0,1.0,24.950000000000003,25.95
MAKKAH/112598,TAMARA,299.0,1.5,12.707500000000001,14.21
MAKKAH/112597,TAMARA,399.0,1.5,16.9575,18.46
MAKKAH/112583,TAMARA,199.0,1.5,8.457500000000001,9.96
MAKKAH/112521,TAMARA,463.0,1.5,19.677500000000002,21.18
MAKKAH/112518,TABBY,499.0,1.0,24.950000000000003,25.95
MAKKAH/112516,TAMARA,299.0,1.5,12.707500000000001,14.21
MAKKAH/112514,TAMARA,105.0,1.5,4.4625,5.96
MAKKAH/112488,TAMARA,399.0,1.5,16.9575,18.46
MAKKAH/112484,TABBY,299.0,1.0,14.950000000000001,15.95
MAKKAH/112479,TABBY,222.0,1.0,11.100000000000001,12.1
MAKKAH/112465,TABBY,222.0,1.0,11.100000000000001,12.1
MAKKAH/112464,TABBY,299.0,1.0,14.950000000000001,15.95
MAKKAH/112463,TABBY,499.0,1.0,24.950000000000003,25.95
MAKKAH/112410,TAMARA,199.0,1.5,8.457500000000001,9.96
MAKKAH/112406,TABBY,775.0,1.0,38.75,39.75
MAKKAH/112375,TAMARA,299.0,1.5,12.707500000000001,14.21
MAKKAH/112351,TABBY,99.0,1.0,4.95,5.95
MAKKAH/112297,TAMARA,160.0,1.5,6.800000000000001,8.3
MAKKAH/112274,TAMARA,228.0,1.5,9.690000000000001,11.19
MAKKAH/112238,TABBY,180.0,1.0,9.0,10.0
MAKKAH/112087,TABBY,299.0,1.0,14.950000000000001,15.95
MAKKAH/112083,TAMARA,299.0,1.5,12.707500000000001,14.21
MAKKAH/112078,TAMARA,199.0,1.5,8.457500000000001,9.96
MAKKAH/112052,TAMARA,604.0,1.5,25.67,27.17
MAKKAH/112049,TABBY,499.0,1.0,24.950000000000003,25.95
MAKKAH/111917,TAMARA,199.0,1.5,8.457500000000001,9.96
MAKKAH/111891,TAMARA,299.0,1.5,12.707500000000001,14.21
MAKKAH/111852,TAMARA,149.0,1.5,6.3325000000000005,7.83
MAKKAH/111851,TAMARA,399.0,1.5,16.9575,18.46
MAKKAH/111595,TAMARA,299.0,1.5,12.707500000000001,14.21
MAKKAH/111574,TABBY,99.0,1.0,4.95,5.95
MAKKAH/111573,TAMARA,198.0,1.5,8.415000000000001,9.92
MAKKAH/111562,TAMARA,198.0,1.5,8.415000000000001,9.92
MAKKAH/111511,TABBY,499.0,1.0,24.950000000000003,25.95
MAKKAH/111502,TAMARA,149.0,1.5,6.3325000000000005,7.83
MAKKAH/111486,TABBY,199.0,1.0,9.950000000000001,10.95
MAKKAH/111484,TAMARA,299.0,1.5,12.707500000000001,14.21
MAKKAH/111397,TABBY,199.0,1.0,9.950000000000001,10.95
MAKKAH/111331,TABBY,199.0,1.0,9.950000000000001,10.95
MAKKAH/111313,TAMARA,249.0,1.5,10.582500000000001,12.08
MAKKAH/111243,TAMARA,149.0,1.5,6.3325000000000005,7.83
MAKKAH/111169,TAMARA,299.0,1.5,12.707500000000001,14.21
MAKKAH/111152,TAMARA,85.0,1.5,3.6125000000000003,5.11
MAKKAH/111144,TAMARA,180.0,1.5,7.65,9.15
MAKKAH/111121,TAMARA,399.0,1.5,16.9575,18.46
MAKKAH/111116,TAMARA,199.0,1.5,8.457500000000001,9.96
MAKKAH/111111,TABBY,199.0,1.0,9.950000000000001,10.95
MAKKAH/111102,TABBY,226.0,1.0,11.3,12.3
MAKKAH/110902,TAMARA,249.0,1.5,10.582500000000001,12.08
MAKKAH/110901,TAMARA,199.0,1.5,8.457500000000001,9.96
MAKKAH/110862,TAMARA,170.0,1.5,7.2250000000000005,8.73
MAKKAH/110762,TAMARA,170.0,1.5,7.2250000000000005,8.73
MAKKAH/110733,TABBY,126.0,1.0,6.300000000000001,7.3
MAKKAH/110730,TABBY,319.0,1.0,15.950000000000001,16.95
MAKKAH/110729,TABBY,319.0,1.0,15.950000000000001,16.95
MAKKAH/110720,TAMARA,299.0,1.5,12.707500000000001,14.21
MAKKAH/110694,TABBY,160.0,1.0,8.0,9.0
MAKKAH/110687,TAMARA,360.0,1.5,15.3,16.8
MAKKAH/110618,TAMARA,199.0,1.5,8.457500000000001,9.96
MAKKAH/110617,TAMARA,222.0,1.5,9.435,10.94
MAKKAH/110558,TABBY,499.0,1.0,24.950000000000003,25.95
MAKKAH/110535,TAMARA,180.0,1.5,7.65,9.15
MAKKAH/110534,TABBY,249.0,1.0,12.450000000000001,13.45
MAKKAH/110533,TAMARA,299.0,1.5,12.707500000000001,14.21
MAKKAH/110516,TAMARA,174.0,1.5,7.3950000000000005,8.89
MAKKAH/110508,TAMARA,337.0,1.5,14.322500000000002,15.82
MAKKAH/110499,TAMARA,299.0,1.5,12.707500000000001,14.21
MAKKAH/110476,TABBY,249.0,1.0,12.450000000000001,13.45
MAKKAH/110457,TABBY,299.0,1.0,14.950000000000001,15.95
MAKKAH/110327,TAMARA,99.0,1.5,4.2075000000000005,5.71
MAKKAH/110290,TABBY,299.0,1.0,14.950000000000001,15.95
MAKKAH/110244,TABBY,222.0,1.0,11.100000000000001,12.1
MAKKAH/110172,TAMARA,399.0,1.5,16.9575,18.46
MAKKAH/110171,TAMARA,399.0,1.5,16.9575,18.46
MAKKAH/110113,TABBY,199.0,1.0,9.950000000000001,10.95
MAKKAH/110076,TABBY,222.0,1.0,11.100000000000001,12.1
MAKKAH/109850,TABBY,290.0,1.0,14.5,15.5
MAKKAH/109835,TABBY,399.0,1.0,19.950000000000003,20.95
MAKKAH/109799,TABBY,399.0,1.0,19.950000000000003,20.95
MAKKAH/109770,TAMARA,340.0,1.5,14.450000000000001,15.95
MAKKAH/109724,TAMARA,299.0,1.5,12.707500000000001,14.21
MAKKAH/109627,TAMARA,249.0,1.5,10.582500000000001,12.08
MAKKAH/109625,TAMARA,598.0,1.5,25.415000000000003,26.92
MAKKAH/109595,TAMARA,199.0,1.5,8.457500000000001,9.96
MAKKAH/109576,TABBY,299.0,1.0,14.950000000000001,15.95
MAKKAH/109575,TABBY,2192.0,1.0,109.60000000000001,110.6
MAKKAH/109555,TAMARA,399.0,1.5,16.9575,18.46
MAKKAH/109551,TAMARA,150.0,1.5,6.375000000000001,7.88
MAKKAH/109526,TAMARA,299.0,1.5,12.707500000000001,14.21
MAKKAH/109516,TAMARA,299.0,1.5,12.707500000000001,14.21
MAKKAH/109479,TABBY,299.0,1.0,14.950000000000001,15.95
MAKKAH/109477,TAMARA,399.0,1.5,16.9575,18.46
MAKKAH/109469,TAMARA,199.0,1.5,8.457500000000001,9.96
MAKKAH/109342,TAMARA,398.0,1.5,16.915000000000003,18.42
MAKKAH/109341,TAMARA,697.0,1.5,29.622500000000002,31.12
MAKKAH/109334,TAMARA,160.0,1.5,6.800000000000001,8.3
MAKKAH/109276,TABBY,299.0,1.0,14.950000000000001,15.95
MAKKAH/109241,TAMARA,116.0,1.5,4.930000000000001,6.43
MAKKAH/109234,TABBY,298.0,1.0,14.9,15.9
MAKKAH/109231,TAMARA,299.0,1.5,12.707500000000001,14.21
MAKKAH/109230,TAMARA,552.0,1.5,23.46,24.96
MAKKAH/109217,TABBY,199.0,1.0,9.950000000000001,10.95
MAKKAH/109212,TAMARA,300.0,1.5,12.750000000000002,14.25
MAKKAH/109208,TABBY,85.0,1.0,4.25,5.25
MAKKAH/109190,TAMARA,299.0,1.5,12.707500000000001,14.21
MAKKAH/109183,TABBY,199.0,1.0,9.950000000000001,10.95
MAKKAH/109180,TAMARA,126.0,1.5,5.355,6.86
MAKKAH/109171,TAMARA,399.0,1.5,16.9575,18.46
MAKKAH/109170,TAMARA,199.0,1.5,8.457500000000001,9.96
MAKKAH/109169,TAMARA,299.0,1.5,12.707500000000001,14.21
MAKKAH/109144,TABBY,299.0,1.0,14.950000000000001,15.95
MAKKAH/109140,TAMARA,299.0,1.5,12.707500000000001,14.21
MAKKAH/109070,TABBY,299.0,1.0,14.950000000000001,15.95
MAKKAH/109067,TABBY,299.0,1.0,14.950000000000001,15.95
MAKKAH/109057,TAMARA,398.0,1.5,16.915000000000003,18.42
MAKKAH/109003,TAMARA,299.0,1.5,12.707500000000001,14.21
MAKKAH/108998,TAMARA,299.0,1.5,12.707500000000001,14.21
MAKKAH/108993,TABBY,226.0,1.0,11.3,12.3
MAKKAH/108985,TAMARA,399.0,1.5,16.9575,18.46
MAKKAH/108978,TABBY,299.0,1.0,14.950000000000001,15.95
MAKKAH/108959,TAMARA,299.0,1.5,12.707500000000001,14.21
MAKKAH/108949,TABBY,199.0,1.0,9.950000000000001,10.95
MAKKAH/108948,TABBY,199.0,1.0,9.950000000000001,10.95
MAKKAH/108945,TAMARA,209.0,1.5,8.8825,10.38
MAKKAH/108922,TAMARA,99.0,1.5,4.2075000000000005,5.71
MAKKAH/108913,TAMARA,149.0,1.5,6.3325000000000005,7.83
MAKKAH/108906,TAMARA,298.0,1.5,12.665000000000001,14.17
MAKKAH/108898,TAMARA,199.0,1.5,8.457500000000001,9.96
MAKKAH/108861استرداد الأموال ,TABBY,-199.0,1.0,9.950000000000001,10.95
MAKKAH/108872,TABBY,199.0,1.0,9.950000000000001,10.95
MAKKAH/108854,TAMARA,150.0,1.5,6.375000000000001,7.88
MAKKAH/108853,TAMARA,126.0,1.5,5.355,6.86
MAKKAH/108852,TAMARA,250.0,1.5,10.625,12.12
MAKKAH/108843,TABBY,199.0,1.0,9.950000000000001,10.95
MAKKAH/108824,TAMARA,222.0,1.5,9.435,10.94
MAKKAH/108823,TAMARA,299.0,1.5,12.707500000000001,14.21
MAKKAH/108821,TAMARA,319.0,1.5,13.557500000000001,15.06
MAKKAH/108816,TABBY,299.0,1.0,14.950000000000001,15.95
MAKKAH/108796,TAMARA,415.0,1.5,17.637500000000003,19.14
MAKKAH/108793,TABBY,199.0,1.0,9.950000000000001,10.95
MAKKAH/108787,TAMARA,199.0,1.5,8.457500000000001,9.96
MAKKAH/108769,TAMARA,180.0,1.5,7.65,9.15
MAKKAH/108751,TABBY,299.0,1.0,14.950000000000001,15.95
MAKKAH/108745,TAMARA,299.0,1.5,12.707500000000001,14.21
MAKKAH/108744,TABBY,399.0,1.0,19.950000000000003,20.95
MAKKAH/108742,TAMARA,115.0,1.5,4.8875,6.39
MAKKAH/108700,TAMARA,199.0,1.5,8.457500000000001,9.96
MAKKAH/108630,TAMARA,399.0,1.5,16.9575,18.46
MAKKAH/108621,TAMARA,199.0,1.5,8.457500000000001,9.96
MAKKAH/108618,TABBY,199.0,1.0,9.950000000000001,10.95
MAKKAH/108589,TAMARA,479.0,1.5,20.3575,21.86
MAKKAH/108587,TAMARA,199.0,1.5,8.457500000000001,9.96
MAKKAH/108581,TAMARA,149.0,1.5,6.3325000000000005,7.83
MAKKAH/108578,TAMARA,226.0,1.5,9.605,11.11
MAKKAH/108574,TAMARA,225.0,1.5,9.5625,11.06
MAKKAH/108559,TABBY,299.0,1.0,14.950000000000001,15.95
MAKKAH/108549,TAMARA,299.0,1.5,12.707500000000001,14.21
MAKKAH/108543,TABBY,299.0,1.0,14.950000000000001,15.95
MAKKAH/108536,TAMARA,405.0,1.5,17.212500000000002,18.71
MAKKAH/108522,TAMARA,444.0,1.5,18.87,20.37
MAKKAH/108505,TAMARA,299.0,1.5,12.707500000000001,14.21
MAKKAH/108488,TABBY,499.0,1.0,24.950000000000003,25.95
MAKKAH/108447,TABBY,85.0,1.0,4.25,5.25
MAKKAH/108446,TABBY,160.0,1.0,8.0,9.0
MAKKAH/108429,TAMARA,299.0,1.5,12.707500000000001,14.21
MAKKAH/108427,TABBY,226.0,1.0,11.3,12.3
MAKKAH/108423,TABBY,180.0,1.0,9.0,10.0
MAKKAH/108421,TABBY,650.0,1.0,32.5,33.5
MAKKAH/108417,TAMARA,199.0,1.5,8.457500000000001,9.96
MAKKAH/108413,TAMARA,149.0,1.5,6.3325000000000005,7.83
MAKKAH/108389,TAMARA,127.0,1.5,5.3975,6.9
MAKKAH/108364,TABBY,304.0,1.0,15.200000000000001,16.2
MAKKAH/108341,TABBY,299.0,1.0,14.950000000000001,15.95
MAKKAH/108334,TABBY,180.0,1.0,9.0,10.0
MAKKAH/108318,TAMARA,126.0,1.5,5.355,6.86
MAKKAH/108209,TABBY,386.0,1.0,19.3,20.3
MAKKAH/108204,TAMARA,299.0,1.5,12.707500000000001,14.21
MAKKAH/108116,TABBY,299.0,1.0,14.950000000000001,15.95
MAKKAH/108110,TAMARA,149.0,1.5,6.3325000000000005,7.83
MAKKAH/108102,TAMARA,299.0,1.5,12.707500000000001,14.21
MAKKAH/108101,TAMARA,299.0,1.5,12.707500000000001,14.21
MAKKAH/108100,TAMARA,299.0,1.5,12.707500000000001,14.21
MAKKAH/108083,TAMARA,299.0,1.5,12.707500000000001,14.21
MAKKAH/108057,TAMARA,299.0,1.5,12.707500000000001,14.21
MAKKAH/108046,TABBY,299.0,1.0,14.950000000000001,15.95
MAKKAH/108039,TABBY,299.0,1.0,14.950000000000001,15.95
MAKKAH/108023,TABBY,199.0,1.0,9.950000000000001,10.95
MAKKAH/108009,TAMARA,474.0,1.5,20.145000000000003,21.65
MAKKAH/107996,TAMARA,299.0,1.5,12.707500000000001,14.21
MAKKAH/107950,TAMARA,299.0,1.5,12.707500000000001,14.21
MAKKAH/107903,TAMARA,299.0,1.5,12.707500000000001,14.21
MAKKAH/107873,TABBY,398.0,1.0,19.900000000000002,20.9
MAKKAH/107871,TABBY,199.0,1.0,9.950000000000001,10.95
MAKKAH/107869,TAMARA,499.0,1.5,21.207500000000003,22.71
MAKKAH/107857,TAMARA,199.0,1.5,8.457500000000001,9.96
MAKKAH/107856,TAMARA,299.0,1.5,12.707500000000001,14.21
MAKKAH/107834,TAMARA,299.0,1.5,12.707500000000001,14.21
MAKKAH/107831,TAMARA,199.0,1.5,8.457500000000001,9.96
MAKKAH/107813,TAMARA,299.0,1.5,12.707500000000001,14.21
MAKKAH/107811,TABBY,299.0,1.0,14.950000000000001,15.95
MAKKAH/107732,TAMARA,315.0,1.5,13.387500000000001,14.89
MAKKAH/107724,TABBY,199.0,1.0,9.950000000000001,10.95
MAKKAH/107715,TABBY,299.0,1.0,14.950000000000001,15.95
MAKKAH/107714,TABBY,399.0,1.0,19.950000000000003,20.95
MAKKAH/107709,TAMARA,398.0,1.5,16.915000000000003,18.42
MAKKAH/107707,TAMARA,339.0,1.5,14.4075,15.91
MAKKAH/107674,TABBY,174.0,1.0,8.700000000000001,9.7
MAKKAH/107663,TAMARA,75.0,1.5,3.1875000000000004,4.69
MAKKAH/107658,TABBY,299.0,1.0,14.950000000000001,15.95
MAKKAH/107657,TABBY,299.0,1.0,14.950000000000001,15.95
MAKKAH/107653,TAMARA,75.0,1.5,3.1875000000000004,4.69
MAKKAH/107652,TAMARA,499.0,1.5,21.207500000000003,22.71
MAKKAH/107595,TABBY,248.0,1.0,12.4,13.4
MAKKAH/107585,TAMARA,413.0,1.5,17.552500000000002,19.05
MAKKAH/107571,TAMARA,299.0,1.5,12.707500000000001,14.21
MAKKAH/107559,TAMARA,299.0,1.5,12.707500000000001,14.21
MAKKAH/107537,TAMARA,320.0,1.5,13.600000000000001,15.1
MAKKAH/107517,TAMARA,299.0,1.5,12.707500000000001,14.21
MAKKAH/107513,TAMARA,399.0,1.5,16.9575,18.46
MAKKAH/107508,TAMARA,160.0,1.5,6.800000000000001,8.3
MAKKAH/107462,TAMARA,299.0,1.5,12.707500000000001,14.21
MAKKAH/107449,TAMARA,274.0,1.5,11.645000000000001,13.15
MAKKAH/107405,TABBY,399.0,1.0,19.950000000000003,20.95
MAKKAH/107400,TABBY,399.0,1.0,19.950000000000003,20.95
MAKKAH/107395,TABBY,149.0,1.0,7.45,8.45
MAKKAH/107386,TABBY,199.0,1.0,9.950000000000001,10.95
MAKKAH/107373,TABBY,399.0,1.0,19.950000000000003,20.95
MAKKAH/107349,TAMARA,299.0,1.5,12.707500000000001,14.21
MAKKAH/107347,TABBY,764.0,1.0,38.2,39.2
MAKKAH/107329,TAMARA,299.0,1.5,12.707500000000001,14.21
MAKKAH/107328,TAMARA,375.0,1.5,15.937500000000002,17.44
MAKKAH/107312,TABBY,399.0,1.0,19.950000000000003,20.95
MAKKAH/107262,TAMARA,149.0,1.5,6.3325000000000005,7.83
MAKKAH/107260استرداد الأموال ,TAMARA,-149.0,1.5,6.3325000000000005,7.83
MAKKAH/107260,TAMARA,149.0,1.5,6.3325000000000005,7.83
MAKKAH/107246,TABBY,299.0,1.0,14.950000000000001,15.95
MAKKAH/107209,TABBY,299.0,1.0,14.950000000000001,15.95
MAKKAH/107196,TAMARA,299.0,1.5,12.707500000000001,14.21
MAKKAH/107191,TAMARA,312.0,1.5,13.260000000000002,14.76
MAKKAH/107186,TAMARA,399.0,1.5,16.9575,18.46
MAKKAH/107173,TAMARA,126.0,1.5,5.355,6.86
MAKKAH/107172,TABBY,300.0,1.0,15.0,16.0
MAKKAH/107161,TAMARA,340.0,1.5,14.450000000000001,15.95
MAKKAH/107129,TABBY,249.0,1.0,12.450000000000001,13.45
MAKKAH/107115,TABBY,249.0,1.0,12.450000000000001,13.45
MAKKAH/107100,TABBY,489.0,1.0,24.450000000000003,25.45
MAKKAH/107046,TABBY,555.0,1.0,27.75,28.75
MAKKAH/107045,TABBY,199.0,1.0,9.950000000000001,10.95
MAKKAH/107034,TABBY,397.0,1.0,19.85,20.85
MAKKAH/107017,TAMARA,195.0,1.5,8.287500000000001,9.79
MAKKAH/106995,TAMARA,199.0,1.5,8.457500000000001,9.96
MAKKAH/106994,TAMARA,249.0,1.5,10.582500000000001,12.08
MAKKAH/106993,TAMARA,209.0,1.5,8.8825,10.38
