SUBINVENTORY,REGISTER_ID,STD_RECEIPT_BANK_ACCOUNT_NAME,STD_RECEIPT_BANK_ACCOUNT_NUMBER,STD_RECEIPT_SOURCE,MISC_RECEIPT_BANK_ACCOUNT_NAME,MISC_RECEIPT_BANK_ACCOUNT_NUMBER,MISC_RECEIPT_SOURCE
WADILABAN,382,CashWADILABAN,CashWADILABAN,VENDHQ_REGISTERS.CASH_ACCOUNT,AL Jazeerah Bank WADILABAN ACC # 015795017321049,015795017321049,VENDHQ_REGISTERS.BANK_ACCOUNT
RASHIDABHA,383,CashRASHIDABHA,CashRASHIDABHA,VENDHQ_REGISTERS.CASH_ACCOUNT,AL Jazeerah Bank RASHIDABHA ACC # 015795017321050,015795017321050,VENDHQ_REGISTERS.BANK_ACCOUNT
RASHIDJZN,384,CashRASHIDJZN,CashRASHIDJZN,VENDHQ_REGISTERS.CASH_ACCOUNT,AL Jazeerah Bank RASHIDJZN ACC # 015795017321051,015795017321051,VENDHQ_REGISTERS.BANK_ACCOUNT
RASHIDMAD,385,CashRASHIDMAD,CashRASHIDMAD,VENDHQ_REGISTERS.CASH_ACCOUNT,AL Jazeerah Bank RASHIDMAD ACC # 015795017321052,015795017321052,VENDHQ_REGISTERS.BANK_ACCOUNT
KWTMGHATER,642,Cash KWTMGHATER,Cash KWTMGHATER,VENDHQ_REGISTERS.CASH_ACCOUNT,National Bank of Kuwait KWD - ACC #******,National Bank of Kuwait KWD - ACC #******,VENDHQ_REGISTERS.BANK_ACCOUNT
TAIFSHARST,417,Cash TAIFSHARST,Cash TAIFSHARST,VENDHQ_REGISTERS.CASH_ACCOUNT,AL Jazeerah Bank TAIFSHARST,AL Jazeerah Bank TAIFSHARST,VENDHQ_REGISTERS.BANK_ACCOUNT
KHMSAVENUE,418,Cash KHMSAVENUE,Cash KHMSAVENUE,VENDHQ_REGISTERS.CASH_ACCOUNT,AL Jazeerah Bank KHMSAVENUE,AL Jazeerah Bank KHMSAVENUE,VENDHQ_REGISTERS.BANK_ACCOUNT
JEDNRTHWLK,419,Cash JEDNRTHWLK,Cash JEDNRTHWLK,VENDHQ_REGISTERS.CASH_ACCOUNT,AL Jazeerah Bank JEDNRTHWLK,AL Jazeerah Bank JEDNRTHWLK,VENDHQ_REGISTERS.BANK_ACCOUNT
MEDDARIMAN,424,Cash MEDDARIMAN,Cash MEDDARIMAN,VENDHQ_REGISTERS.CASH_ACCOUNT,AL Jazeerah Bank MEDDARIMAN,AL Jazeerah Bank MEDDARIMAN,VENDHQ_REGISTERS.BANK_ACCOUNT
NAJMELAGRO,425,Cash NAJMELAGRO,Cash NAJMELAGRO,VENDHQ_REGISTERS.CASH_ACCOUNT,AL Jazeerah Bank NAJMELAGRO,AL Jazeerah Bank NAJMELAGRO,VENDHQ_REGISTERS.BANK_ACCOUNT
QUNKYLPLZA,426,Cash QUNKYLPLZA,Cash QUNKYLPLZA,VENDHQ_REGISTERS.CASH_ACCOUNT,AL Jazeerah Bank QUNKYLPLZA,AL Jazeerah Bank QUNKYLPLZA,VENDHQ_REGISTERS.BANK_ACCOUNT
MEDMVNPICK,427,Cash MEDMVNPICK,Cash MEDMVNPICK,VENDHQ_REGISTERS.CASH_ACCOUNT,AL Jazeerah Bank MEDMVNPICK,AL Jazeerah Bank MEDMVNPICK,VENDHQ_REGISTERS.BANK_ACCOUNT
RYDANUDPRK,428,Cash RYDANUDPRK,Cash RYDANUDPRK,VENDHQ_REGISTERS.CASH_ACCOUNT,AL Jazeerah Bank RYDANUDPRK,AL Jazeerah Bank RYDANUDPRK,VENDHQ_REGISTERS.BANK_ACCOUNT
KHAMESBLD,429,Cash KHAMESBLD,Cash KHAMESBLD,VENDHQ_REGISTERS.CASH_ACCOUNT,AL Jazeerah Bank KHAMESBLD,AL Jazeerah Bank KHAMESBLD,VENDHQ_REGISTERS.BANK_ACCOUNT
KHRJHEDITY,433,Cash KHRJHEDITY,Cash KHRJHEDITY,VENDHQ_REGISTERS.CASH_ACCOUNT,AL Jazeerah Bank KHRJHEDITY,AL Jazeerah Bank KHRJHEDITY,VENDHQ_REGISTERS.BANK_ACCOUNT
MEDSULTANA,434,Cash MEDSULTANA,Cash MEDSULTANA,VENDHQ_REGISTERS.CASH_ACCOUNT,AL Jazeerah Bank MEDSULTANA,AL Jazeerah Bank MEDSULTANA,VENDHQ_REGISTERS.BANK_ACCOUNT
JEDCORNCH1,435,Cash JEDCORNCH1,Cash JEDCORNCH1,VENDHQ_REGISTERS.CASH_ACCOUNT,AL Jazeerah Bank JEDCORNCH1,AL Jazeerah Bank JEDCORNCH1,VENDHQ_REGISTERS.BANK_ACCOUNT
ALBAHAMAL,436,Cash ALBAHAMAL,Cash ALBAHAMAL,VENDHQ_REGISTERS.CASH_ACCOUNT,AL Jazeerah Bank ALBAHAMAL,AL Jazeerah Bank ALBAHAMAL,VENDHQ_REGISTERS.BANK_ACCOUNT
JARIRRD,534,Cash JARIRRD,Cash JARIRRD,VENDHQ_REGISTERS.CASH_ACCOUNT,AL Jazeerah Bank JARIRRD,AL Jazeerah Bank JARIRRD,VENDHQ_REGISTERS.BANK_ACCOUNT
SALAMRYD2,535,Cash SALAMRYD2,Cash SALAMRYD2,VENDHQ_REGISTERS.CASH_ACCOUNT,AL Jazeerah Bank SALAMRYD2,AL Jazeerah Bank SALAMRYD2,VENDHQ_REGISTERS.BANK_ACCOUNT
HILTONMAK3,587,Cash HILTONMAK3,Cash HILTONMAK3,VENDHQ_REGISTERS.CASH_ACCOUNT,AL Jazeerah Bank HILTONMAK3,AL Jazeerah Bank HILTONMAK3,VENDHQ_REGISTERS.BANK_ACCOUNT
MEDALIYAT,589,Cash MEDALIYAT,Cash MEDALIYAT,VENDHQ_REGISTERS.CASH_ACCOUNT,AL Jazeerah Bank MEDALIYAT,AL Jazeerah Bank MEDALIYAT,VENDHQ_REGISTERS.BANK_ACCOUNT
JUBGLRIMAL,590,Cash JUBGLRIMAL,Cash JUBGLRIMAL,Receipt_Methods.csv,Al Jazeerah Bank JUBGLRIMAL,Al Jazeerah Bank JUBGLRIMAL,Receipt_Methods.csv
RYDALYAPLZ,443,Cash RYDALYAPLZ,Cash RYDALYAPLZ,VENDHQ_REGISTERS.CASH_ACCOUNT,AL Jazeerah Bank RYDALYAPLZ,AL Jazeerah Bank RYDALYAPLZ,VENDHQ_REGISTERS.BANK_ACCOUNT
MAKABRAJ1,444,Cash MAKABRAJ1,Cash MAKABRAJ1,VENDHQ_REGISTERS.CASH_ACCOUNT,AL Jazeerah Bank MAKABRAJ1,AL Jazeerah Bank MAKABRAJ1,VENDHQ_REGISTERS.BANK_ACCOUNT
MEDTHEGATE,445,Cash MEDTHEGATE,Cash MEDTHEGATE,Receipt_Methods.csv,AL Jazeerah Bank MEDTHEGATE,157-95017321-MEDTHEGATE,Receipt_Methods.csv
ABHLVNDAPK,446,Cash ABHLVNDAPK,Cash ABHLVNDAPK,VENDHQ_REGISTERS.CASH_ACCOUNT,AL Jazeerah Bank ABHLVNDAPK,AL Jazeerah Bank ABHLVNDAPK,VENDHQ_REGISTERS.BANK_ACCOUNT
MAKMYANYRD,447,Cash MAKMYANYRD,Cash MAKMYANYRD,VENDHQ_REGISTERS.CASH_ACCOUNT,AL Jazeerah Bank MAKMYANYRD,AL Jazeerah Bank MAKMYANYRD,VENDHQ_REGISTERS.BANK_ACCOUNT
MEDALHIJRA,448,Cash MEDALHIJRA,Cash MEDALHIJRA,VENDHQ_REGISTERS.CASH_ACCOUNT,AL Jazeerah Bank MEDALHIJRA,AL Jazeerah Bank MEDALHIJRA,VENDHQ_REGISTERS.BANK_ACCOUNT
NJRANFRONT,593,Cash NJRANFRONT,Cash NJRANFRONT,VENDHQ_REGISTERS.CASH_ACCOUNT,AL Jazeerah Bank NJRANFRONT,AL Jazeerah Bank NJRANFRONT,VENDHQ_REGISTERS.BANK_ACCOUNT
MAKDNACNTR,450,Cash MAKDNACNTR,Cash MAKDNACNTR,VENDHQ_REGISTERS.CASH_ACCOUNT,AL Jazeerah Bank MAKDNACNTR,AL Jazeerah Bank MAKDNACNTR,VENDHQ_REGISTERS.BANK_ACCOUNT
JAHARKWT,416,Cash Account JAHARKWT,ount,VENDHQ_REGISTERS.CASH_ACCOUNT,National Bank of Kuwait KWD - ACC #******,National Bank of Kuwait KWD - ACC #******,VENDHQ_REGISTERS.BANK_ACCOUNT
MCTAVENUES,451,Cash MCTAVENUES,Cash MCTAVENUES,VENDHQ_REGISTERS.CASH_ACCOUNT,Oman Arab Bank Account- ACC # 3106-573999-500,ount-,VENDHQ_REGISTERS.BANK_ACCOUNT
MCTLLUNZWA,454,Cash MCTLLUNZWA,Cash MCTLLUNZWA,VENDHQ_REGISTERS.CASH_ACCOUNT,Oman Arab Bank Account- ACC # 3106-573999-500,ount-,VENDHQ_REGISTERS.BANK_ACCOUNT
ARARMHMDIA,488,Cash ARARMHMDIA,Cash ARARMHMDIA,VENDHQ_REGISTERS.CASH_ACCOUNT,AL Jazeerah Bank ARARMHMDIA,AL Jazeerah Bank ARARMHMDIA,VENDHQ_REGISTERS.BANK_ACCOUNT
KHOQOSAIBI,492,Cash KHOQOSAIBI,Cash KHOQOSAIBI,VENDHQ_REGISTERS.CASH_ACCOUNT,AL Jazeerah Bank KHOQOSAIBI,AL Jazeerah Bank KHOQOSAIBI,VENDHQ_REGISTERS.BANK_ACCOUNT
KHMSBNDWOD,493,Cash KHMSBNDWOD,Cash KHMSBNDWOD,VENDHQ_REGISTERS.CASH_ACCOUNT,AL Jazeerah Bank KHMSBNDWOD,AL Jazeerah Bank KHMSBNDWOD,VENDHQ_REGISTERS.BANK_ACCOUNT
MILAQROTAB,494,Cash MILAQROTAB,Cash MILAQROTAB,VENDHQ_REGISTERS.CASH_ACCOUNT,AL Jazeerah Bank MILAQROTAB,AL Jazeerah Bank MILAQROTAB,VENDHQ_REGISTERS.BANK_ACCOUNT
ASEERGUNAI,495,Cash ASEERGUNAIM,Cash ASEERGUNAIM,VENDHQ_REGISTERS.CASH_ACCOUNT,AL Jazeerah Bank ASEERGUNAIM,AL Jazeerah Bank ASEERGUNAIM,VENDHQ_REGISTERS.BANK_ACCOUNT
YASMEENPLZ,496,Cash YASMEENPLZ,Cash YASMEENPLZ,VENDHQ_REGISTERS.CASH_ACCOUNT,AL Jazeerah Bank YASMEENPLZ,AL Jazeerah Bank YASMEENPLZ,VENDHQ_REGISTERS.BANK_ACCOUNT
WATANIYAHB,497,Cash WATANIYAHB,Cash WATANIYAHB,VENDHQ_REGISTERS.CASH_ACCOUNT,AL Jazeerah Bank WATANIYAHB,AL Jazeerah Bank WATANIYAHB,VENDHQ_REGISTERS.BANK_ACCOUNT
EHSALBUSTA,498,Cash EHSALBUSTAN,Cash EHSALBUSTAN,VENDHQ_REGISTERS.CASH_ACCOUNT,AL Jazeerah Bank EHSALBUSTAN,AL Jazeerah Bank EHSALBUSTAN,VENDHQ_REGISTERS.BANK_ACCOUNT
RYDYARMOOK,499,Cash RYDYARMOOK,Cash RYDYARMOOK,VENDHQ_REGISTERS.CASH_ACCOUNT,AL Jazeerah Bank RYDYARMOOK,AL Jazeerah Bank RYDYARMOOK,VENDHQ_REGISTERS.BANK_ACCOUNT
DAMRIVEIRA,500,Cash DAMRIVEIRA,Cash DAMRIVEIRA,VENDHQ_REGISTERS.CASH_ACCOUNT,AL Jazeerah Bank DAMRIVEIRA,AL Jazeerah Bank DAMRIVEIRA,VENDHQ_REGISTERS.BANK_ACCOUNT
MURJANJED,513,Cash MURJANJED,Cash MURJANJED,VENDHQ_REGISTERS.CASH_ACCOUNT,AL Jazeerah Bank MURJANJED,AL Jazeerah Bank MURJANJED,VENDHQ_REGISTERS.BANK_ACCOUNT
QATIFCFRNT,517,Cash QATIFCFRNT,Cash QATIFCFRNT,VENDHQ_REGISTERS.CASH_ACCOUNT,AL Jazeerah Bank QATIFCFRNT,AL Jazeerah Bank QATIFCFRNT,VENDHQ_REGISTERS.BANK_ACCOUNT
JUBHUWYLYT,595,Cash JUBHUWYLYT,Cash JUBHUWYLYT,VENDHQ_REGISTERS.CASH_ACCOUNT,Al Jazeerah Bank JUBHUWYLYT,Al Jazeerah Bank JUBHUWYLYT,VENDHQ_REGISTERS.BANK_ACCOUNT
RYDTWIQDIS,597,Cash RYDTWIQDIS,Cash RYDTWIQDIS,VENDHQ_REGISTERS.CASH_ACCOUNT,AL Jazeerah Bank RYDTWIQDIS,AL Jazeerah Bank RYDTWIQDIS,VENDHQ_REGISTERS.BANK_ACCOUNT
JEDNUJOD,598,Cash JEDNUJOD,Cash JEDNUJOD,VENDHQ_REGISTERS.CASH_ACCOUNT,AL Jazeerah Bank JEDNUJOD,AL Jazeerah Bank JEDNUJOD,VENDHQ_REGISTERS.BANK_ACCOUNT
DWADMIMKAN,600,Cash DWADMIMKAN,Cash DWADMIMKAN,VENDHQ_REGISTERS.CASH_ACCOUNT,AL Jazeerah Bank DWADMIMKAN,AL Jazeerah Bank DWADMIMKAN,VENDHQ_REGISTERS.BANK_ACCOUNT
RYDROSHN,602,Cash RYDROSHN,Cash RYDROSHN,VENDHQ_REGISTERS.CASH_ACCOUNT,AL Jazeerah Bank RYDROSHN,AL Jazeerah Bank RYDROSHN,VENDHQ_REGISTERS.BANK_ACCOUNT
BURSULMAVE,604,Cash BURSULMAVE,Cash BURSULMAVE,VENDHQ_REGISTERS.CASH_ACCOUNT,Al Jazeerah Bank BURSULMAVE,Al Jazeerah Bank BURSULMAVE,VENDHQ_REGISTERS.BANK_ACCOUNT
KWT360MALL,605,Cash KWT360MALL,Cash KWT360MALL,VENDHQ_REGISTERS.CASH_ACCOUNT,National Bank of Kuwait KWD - ACC #******,National Bank of Kuwait KWD - ACC #******,VENDHQ_REGISTERS.BANK_ACCOUNT
KWTWHMALL,606,Cash KWTWHMALL,Cash KWTWHMALL,VENDHQ_REGISTERS.CASH_ACCOUNT,National Bank of Kuwait KWD - ACC #******,National Bank of Kuwait KWD - ACC #******,VENDHQ_REGISTERS.BANK_ACCOUNT
CCNTRBHR,4189,Cash Account City Centre Bahra,ount,VENDHQ_REGISTERS.CASH_ACCOUNT,Ahli United Bank Bahrain - Acc #,Ahli United Bank Bahrain - Acc #,VENDHQ_REGISTERS.BANK_ACCOUNT
EXBBAH,4190,Cash EXBBAH,Cash EXBBAH,VENDHQ_REGISTERS.CASH_ACCOUNT,Ahli United Bank Bahrain - Acc #,Ahli United Bank Bahrain - Acc #,VENDHQ_REGISTERS.BANK_ACCOUNT
KWTALDABOS,643,,,,,,
MEDTHEGATE,607,Cash MEDTHEGATE,Cash MEDTHEGATE,Receipt_Methods.csv,AL Jazeerah Bank MEDTHEGATE,157-95017321-MEDTHEGATE,Receipt_Methods.csv
MEDSOUQEBQ,608,Cash MEDSOUQEBQ,Cash MEDSOUQEBQ,VENDHQ_REGISTERS.CASH_ACCOUNT,AL Jazeerah Bank MEDSOUQEBQ,AL Jazeerah Bank MEDSOUQEBQ,VENDHQ_REGISTERS.BANK_ACCOUNT
RYDQURTBAH,610,Cash RYDQURTBAH,Cash RYDQURTBAH,VENDHQ_REGISTERS.CASH_ACCOUNT,AL Jazeerah Bank RYDQURTBAH,AL Jazeerah Bank RYDQURTBAH,VENDHQ_REGISTERS.BANK_ACCOUNT
ONZSOQJADD,612,Cash ONZSOQJADD,Cash ONZSOQJADD,VENDHQ_REGISTERS.CASH_ACCOUNT,AL Jazeerah Bank ONZSOQJADD,AL Jazeerah Bank ONZSOQJADD,VENDHQ_REGISTERS.BANK_ACCOUNT
JEDMNRHPLZ,613,Cash JEDMNRHPLZ,Cash JEDMNRHPLZ,VENDHQ_REGISTERS.CASH_ACCOUNT,AL Jazeerah Bank JEDMNRHPLZ,AL Jazeerah Bank JEDMNRHPLZ,VENDHQ_REGISTERS.BANK_ACCOUNT
MATHNABMAL,614,Cash MATHNABMAL,Cash MATHNABMAL,Receipt_Methods.csv,Al Jazeerah Bank MATHNABMAL,Al Jazeerah Bank MATHNABMAL,Receipt_Methods.csv
JUBGLRYMAL,616,Cash JUBGLRYMAL,Cash JUBGLRYMAL,VENDHQ_REGISTERS.CASH_ACCOUNT,AL Jazeerah Bank JUBGLRYMAL,AL Jazeerah Bank JUBGLRYMAL,VENDHQ_REGISTERS.BANK_ACCOUNT
MJMAKRMMAL,641,Cash MJMAKRMMAL,Cash MJMAKRMMAL,Receipt_Methods.csv,AL Jazeerah Bank MJMAKRMMAL Account Acc#,AL Jazeerah Bank MJMAKRMMAL,Receipt_Methods.csv
KHMISMUJAN,644,,,,AL Jazeerah Bank KHMISMUJAN Account Acc#,AL Jazeerah Bank KHMISMUJAN,Receipt_Methods.csv
MEDZAMPLMN,645,,,,AL Jazeerah Bank MEDZAMPLMN Account,AL Jazeerah Bank MEDZAMPLMN,Receipt_Methods.csv
KHRJUNFIED,646,Cash KHRJUNFIED,Cash KHRJUNFIED,Receipt_Methods.csv,AL Jazeerah Bank KHRJUNFIED Account Acc#,AL Jazeerah Bank KHRJUNFIED,Receipt_Methods.csv
JURSHIKHIR,647,Cash JURSHIKHIR,Cash JURSHIKHIR,Receipt_Methods.csv,AL Jazeerah Bank JURSHIKHIR Account Acc#,AL Jazeerah Bank JURSHIKHIR,Receipt_Methods.csv
DWDMMKANML,648,Cash  DWDMMKANML,Cash  DWDMMKANML,Receipt_Methods.csv,AL Jazeerah Bank DWDMMKANML Account Acc#,AL Jazeerah Bank DWDMMKANML,Receipt_Methods.csv
SALALAH,402,Cash Salalah,Cash Salalah,VENDHQ_REGISTERS.CASH_ACCOUNT,Oman Arab Bank OMR,Oman Arab Bank OMR,VENDHQ_REGISTERS.BANK_ACCOUNT
MEDANDLUSH,414,CashMEDANDLUSH,CashMEDANDLUSH,VENDHQ_REGISTERS.CASH_ACCOUNT,AL Jazeerah Bank MEDANDLUSH,AL Jazeerah Bank MEDANDLUSH,VENDHQ_REGISTERS.BANK_ACCOUNT
MAKSHOUQ,415,Cash MAKSHOUQ,Cash MAKSHOUQ,VENDHQ_REGISTERS.CASH_ACCOUNT,AL Jazeerah Bank MAKSHOUQ,AL Jazeerah Bank MAKSHOUQ,VENDHQ_REGISTERS.BANK_ACCOUNT
MCTLLUIBRI,452,Cash MCTLLUIBRI,Cash MCTLLUIBRI,VENDHQ_REGISTERS.CASH_ACCOUNT,Oman Arab Bank Account- ACC # 3106-573999-500,ount-,VENDHQ_REGISTERS.BANK_ACCOUNT
MCTLLUAMRT,453,Cash MCTLLUAMRT,Cash MCTLLUAMRT,VENDHQ_REGISTERS.CASH_ACCOUNT,Oman Arab Bank Account- ACC # 3106-573999-500,ount-,VENDHQ_REGISTERS.BANK_ACCOUNT
SMARTSHRYD,459,Cash SMARTSHRYD,Cash SMARTSHRYD,VENDHQ_REGISTERS.CASH_ACCOUNT,AL Jazeerah Bank SMARTSHRYD,AL Jazeerah Bank SMARTSHRYD,VENDHQ_REGISTERS.BANK_ACCOUNT
HAMDANYA2,460,Cash HAMDANYA2,Cash HAMDANYA2,VENDHQ_REGISTERS.CASH_ACCOUNT,AL Jazeerah Bank HAMDANYA2,AL Jazeerah Bank HAMDANYA2,VENDHQ_REGISTERS.BANK_ACCOUNT
ALAQEQRYD,461,Cash ALAQEQRYD,Cash ALAQEQRYD,VENDHQ_REGISTERS.CASH_ACCOUNT,AL Jazeerah Bank ALAQEQRYD,AL Jazeerah Bank ALAQEQRYD,VENDHQ_REGISTERS.BANK_ACCOUNT
TAIBAMED,462,Cash TAIBAMED,Cash TAIBAMED,VENDHQ_REGISTERS.CASH_ACCOUNT,AL Jazeerah Bank TAIBAMED,AL Jazeerah Bank TAIBAMED,VENDHQ_REGISTERS.BANK_ACCOUNT
AZIZIARYD,463,Cash AZIZIARYD,Cash AZIZIARYD,VENDHQ_REGISTERS.CASH_ACCOUNT,AL Jazeerah Bank AZIZIARYD,AL Jazeerah Bank AZIZIARYD,VENDHQ_REGISTERS.BANK_ACCOUNT
THEGATERYD,464,Cash THEGATERYD,Cash THEGATERYD,VENDHQ_REGISTERS.CASH_ACCOUNT,AL Jazeerah Bank THEGATERYD,AL Jazeerah Bank THEGATERYD,VENDHQ_REGISTERS.BANK_ACCOUNT
ALMALGARYD,465,Cash ALMALGARYD,Cash ALMALGARYD,VENDHQ_REGISTERS.CASH_ACCOUNT,AL Jazeerah Bank ALMALGARYD,AL Jazeerah Bank ALMALGARYD,VENDHQ_REGISTERS.BANK_ACCOUNT
DEERFIELD2,456,Cash DEERFIELD2,Cash DEERFIELD2,VENDHQ_REGISTERS.CASH_ACCOUNT,Abu Dhabi Islamic Bank Account AED,ount,VENDHQ_REGISTERS.BANK_ACCOUNT
MUBARKIA,455,Cash Account MUBARKIA,ount,VENDHQ_REGISTERS.CASH_ACCOUNT,National Bank of Kuwait KWD - ACC #******,National Bank of Kuwait KWD - ACC #******,VENDHQ_REGISTERS.BANK_ACCOUNT
DUBAIDALMA,483,Cash DUBAIDALMA,Cash DUBAIDALMA,VENDHQ_REGISTERS.CASH_ACCOUNT,Abu Dhabi Islamic Bank Account AED,ount,VENDHQ_REGISTERS.BANK_ACCOUNT
KHAMISKKHD,486,Cash KHAMISKKHD,Cash KHAMISKKHD,VENDHQ_REGISTERS.CASH_ACCOUNT,AL Jazeerah Bank KHAMISKKHD,AL Jazeerah Bank KHAMISKKHD,VENDHQ_REGISTERS.BANK_ACCOUNT
ALQASRMALL,503,Cash ALQASRMALL,Cash ALQASRMALL,VENDHQ_REGISTERS.CASH_ACCOUNT,AL Jazeerah Bank ALQASRMALL,AL Jazeerah Bank ALQASRMALL,VENDHQ_REGISTERS.BANK_ACCOUNT
KHAMSBLVRD,504,Cash KHAMSBLVRD,Cash KHAMSBLVRD,VENDHQ_REGISTERS.CASH_ACCOUNT,AL Jazeerah Bank KHAMSBLVRD,AL Jazeerah Bank KHAMSBLVRD,VENDHQ_REGISTERS.BANK_ACCOUNT
NAJPARK,505,Cash NAJPARK,Cash NAJPARK,VENDHQ_REGISTERS.CASH_ACCOUNT,AL Jazeerah Bank NAJPARK,AL Jazeerah Bank NAJPARK,VENDHQ_REGISTERS.BANK_ACCOUNT
MEDALMATAL,506,Cash MEDALMATAL,Cash MEDALMATAL,VENDHQ_REGISTERS.CASH_ACCOUNT,AL Jazeerah Bank MEDALMATAL,AL Jazeerah Bank MEDALMATAL,VENDHQ_REGISTERS.BANK_ACCOUNT
MEDMAYAS,507,Cash MEDMAYAS,Cash MEDMAYAS,VENDHQ_REGISTERS.CASH_ACCOUNT,AL Jazeerah Bank MEDMAYAS,AL Jazeerah Bank MEDMAYAS,VENDHQ_REGISTERS.BANK_ACCOUNT
YANBUMALL,508,Cash YANBUMALL,Cash YANBUMALL,VENDHQ_REGISTERS.CASH_ACCOUNT,AL Jazeerah Bank YANBUMALL,AL Jazeerah Bank YANBUMALL,VENDHQ_REGISTERS.BANK_ACCOUNT
MEDJWALK,509,Cash MEDJWALK,Cash MEDJWALK,VENDHQ_REGISTERS.CASH_ACCOUNT,AL Jazeerah Bank MEDJWALK,AL Jazeerah Bank MEDJWALK,VENDHQ_REGISTERS.BANK_ACCOUNT
HAILZONE,510,Cash HAILZONE,Cash HAILZONE,VENDHQ_REGISTERS.CASH_ACCOUNT,AL Jazeerah Bank HAILZONE,AL Jazeerah Bank HAILZONE,VENDHQ_REGISTERS.BANK_ACCOUNT
QATIFCC,533,Cash QATIFCC,Cash QATIFCC,VENDHQ_REGISTERS.CASH_ACCOUNT,AL Jazeerah Bank QATIFCC,AL Jazeerah Bank QATIFCC,VENDHQ_REGISTERS.BANK_ACCOUNT
EXBUAE,531,Cash EXBUAE,Cash EXBUAE,VENDHQ_REGISTERS.CASH_ACCOUNT,Abu Dhabi Islamic Bank Account AED,ount,VENDHQ_REGISTERS.BANK_ACCOUNT
EXBUAE1,532,,,,,,
TAIFTERAML,539,Cash TAIFTERAML,Cash TAIFTERAML,VENDHQ_REGISTERS.CASH_ACCOUNT,AL Jazeerah Bank TAIFTERAML,AL Jazeerah Bank TAIFTERAML,VENDHQ_REGISTERS.BANK_ACCOUNT
JEDQURAISH,541,Cash JEDQURAISH,Cash JEDQURAISH,VENDHQ_REGISTERS.CASH_ACCOUNT,AL Jazeerah Bank JEDQURAISH,AL Jazeerah Bank JEDQURAISH,VENDHQ_REGISTERS.BANK_ACCOUNT
JEDDAHPARK,542,Cash JEDDAHPARK,Cash JEDDAHPARK,VENDHQ_REGISTERS.CASH_ACCOUNT,AL Jazeerah Bank JEDDAHPARK,AL Jazeerah Bank JEDDAHPARK,VENDHQ_REGISTERS.BANK_ACCOUNT
WADIDAWSER,548,Cash WADIDAWSER,Cash WADIDAWSER,VENDHQ_REGISTERS.CASH_ACCOUNT,AL Jazeerah Bank WADIDAWSER,AL Jazeerah Bank WADIDAWSER,VENDHQ_REGISTERS.BANK_ACCOUNT
MAKDARTWHD,549,Cash MAKDARTWHD,Cash MAKDARTWHD,VENDHQ_REGISTERS.CASH_ACCOUNT,AL Jazeerah Bank MAKDARTWHD,AL Jazeerah Bank MAKDARTWHD,VENDHQ_REGISTERS.BANK_ACCOUNT
MAKAHMALL2,553,Cash MAKAHMALL2,Cash MAKAHMALL2,VENDHQ_REGISTERS.CASH_ACCOUNT,AL Jazeerah Bank MAKAHMALL2,AL Jazeerah Bank MAKAHMALL2,VENDHQ_REGISTERS.BANK_ACCOUNT
TIFZHRNCTR,554,Cash TIFZHRNCTR,Cash TIFZHRNCTR,VENDHQ_REGISTERS.CASH_ACCOUNT,AL Jazeerah Bank TIFZHRNCTR,AL Jazeerah Bank TIFZHRNCTR,VENDHQ_REGISTERS.BANK_ACCOUNT
QOUZBLVRD,555,Cash QOUZBLVRD,Cash QOUZBLVRD,VENDHQ_REGISTERS.CASH_ACCOUNT,AL Jazeerah Bank QOUZBLVRD,AL Jazeerah Bank QOUZBLVRD,VENDHQ_REGISTERS.BANK_ACCOUNT
ABHHIZAMST,581,Cash ABHHIZAMST,Cash ABHHIZAMST,VENDHQ_REGISTERS.CASH_ACCOUNT,AL Jazeerah Bank ABHHIZAMST,AL Jazeerah Bank ABHHIZAMST,VENDHQ_REGISTERS.BANK_ACCOUNT
JEDKHUMRAH,582,Cash JEDKHUMRAH,Cash JEDKHUMRAH,VENDHQ_REGISTERS.CASH_ACCOUNT,AL Jazeerah Bank JEDKHUMRAH,AL Jazeerah Bank JEDKHUMRAH,VENDHQ_REGISTERS.BANK_ACCOUNT
JEDKNGAZIZ,583,Cash JEDKNGAZIZ,Cash JEDKNGAZIZ,VENDHQ_REGISTERS.CASH_ACCOUNT,AL Jazeerah Bank JEDKNGAZIZ,AL Jazeerah Bank JEDKNGAZIZ,VENDHQ_REGISTERS.BANK_ACCOUNT
RASHIDMAD2,584,Cash RASHIDMAD2,Cash RASHIDMAD2,VENDHQ_REGISTERS.CASH_ACCOUNT,AL Jazeerah Bank RASHIDMAD2,AL Jazeerah Bank RASHIDMAD2,VENDHQ_REGISTERS.BANK_ACCOUNT
JEDSULTNST,585,Cash JEDSULTNST,Cash JEDSULTNST,VENDHQ_REGISTERS.CASH_ACCOUNT,AL Jazeerah Bank JEDSULTNST,AL Jazeerah Bank JEDSULTNST,VENDHQ_REGISTERS.BANK_ACCOUNT
KHJTHEZONE,586,Cash KHJTHEZONE,Cash KHJTHEZONE,VENDHQ_REGISTERS.CASH_ACCOUNT,AL Jazeerah Bank KHJTHEZONE,AL Jazeerah Bank KHJTHEZONE,VENDHQ_REGISTERS.BANK_ACCOUNT
BURIDHIMAM,650,Cash BURIDHIMAM,Cash BURIDHIMAM,Receipt_Methods.csv,,,
JEDJOHRAML,652,Cash JEDJOHRAML,Cash JEDJOHRAML,Receipt_Methods.csv,AL Jazeerah Bank JEDJOHRAML Account Acc#,AL Jazeerah Bank JEDJOHRAML,Receipt_Methods.csv
JEDPALMWAK,653,Cash JEDPALMWAK,Cash JEDPALMWAK,Receipt_Methods.csv,AL Jazeerah Bank JEDPALMWAK Account Acc#,AL Jazeerah Bank JEDPALMWAK,Receipt_Methods.csv
JEDPNORAMA,654,,,,,,
HILTONMAK2,466,Cash HILTONMAK2,Cash HILTONMAK2,VENDHQ_REGISTERS.CASH_ACCOUNT,AL Jazeerah Bank HILTONMAK2,AL Jazeerah Bank HILTONMAK2,VENDHQ_REGISTERS.BANK_ACCOUNT
TOWNSQJED,487,Cash TOWNSQJED,Cash TOWNSQJED,VENDHQ_REGISTERS.CASH_ACCOUNT,AL Jazeerah Bank TOWNSQJED,AL Jazeerah Bank TOWNSQJED,VENDHQ_REGISTERS.BANK_ACCOUNT
MAJARDAH,491,Cash MAJARDAH,Cash MAJARDAH,VENDHQ_REGISTERS.CASH_ACCOUNT,AL Jazeerah Bank MAJARDAH,AL Jazeerah Bank MAJARDAH,VENDHQ_REGISTERS.BANK_ACCOUNT
AZAIBAOMN,511,Cash AZAIBAOMN,Cash AZAIBAOMN,VENDHQ_REGISTERS.CASH_ACCOUNT,Oman Arab Bank Account- ACC # 3106-573999-500,ount-,VENDHQ_REGISTERS.BANK_ACCOUNT
OMNHRMZPLZ,530,Cash OMNHRMZPLZ,Cash OMNHRMZPLZ,VENDHQ_REGISTERS.CASH_ACCOUNT,Oman Arab Bank Account- ACC # 3106-573999-500,ount-,VENDHQ_REGISTERS.BANK_ACCOUNT
JUBAILMAL2,545,Cash JUBAILMAL2,Cash JUBAILMAL2,VENDHQ_REGISTERS.CASH_ACCOUNT,AL Jazeerah Bank JUBAILMAL2,AL Jazeerah Bank JUBAILMAL2,VENDHQ_REGISTERS.BANK_ACCOUNT
BAHAAVENUS,546,Cash BAHAAVENUS,Cash BAHAAVENUS,VENDHQ_REGISTERS.CASH_ACCOUNT,AL Jazeerah Bank BAHAAVENUS,AL Jazeerah Bank BAHAAVENUS,VENDHQ_REGISTERS.BANK_ACCOUNT
MEDAD,359,CASH Medad Center,CASH Medad Center,VENDHQ_REGISTERS.CASH_ACCOUNT,AL Jazeerah Bank Medad Center Account - Acc # 015795017321015,ount,VENDHQ_REGISTERS.BANK_ACCOUNT
Hall 4,178,Cash Account Hall 4,ount,VENDHQ_REGISTERS.CASH_ACCOUNT,National Bank of Kuwait KWD - ACC #******,National Bank of Kuwait KWD - ACC #******,VENDHQ_REGISTERS.BANK_ACCOUNT
ZAHIA,240,Cash Zahia mall,Cash Zahia mall,VENDHQ_REGISTERS.CASH_ACCOUNT,Abu Dhabi Islamic Bank Account AED,ount,VENDHQ_REGISTERS.BANK_ACCOUNT
GRANADA,356,Cash Granada Mall,Cash Granada Mall,VENDHQ_REGISTERS.CASH_ACCOUNT,AL Jazeerah Bank Gernada Mall Account - Acc # 015795017321024,ount,VENDHQ_REGISTERS.BANK_ACCOUNT
EHSAA,331,Cash AL IHSA MALL,Cash AL IHSA MALL,VENDHQ_REGISTERS.CASH_ACCOUNT,AL Jazeerah Bank Al Ihsaa Mall Account - Acc # 015795017321028,ount,VENDHQ_REGISTERS.BANK_ACCOUNT
DAREEN,334,Cash DAREEN MALL,Cash DAREEN MALL,VENDHQ_REGISTERS.CASH_ACCOUNT,AL Jazeerah Bank Dareen Mall Account - Acc # 015795017321034,ount,VENDHQ_REGISTERS.BANK_ACCOUNT
SALAMAH,371,Cash SALMAH MALL,Cash SALMAH MALL,VENDHQ_REGISTERS.CASH_ACCOUNT,AL Jazeerah Bank Salma Mall Account - Acc # 015795017321033,ount,VENDHQ_REGISTERS.BANK_ACCOUNT
ASEER,330,Cash ASSER MALL,Cash ASSER MALL,VENDHQ_REGISTERS.CASH_ACCOUNT,AL Jazeerah Bank Aseer Mall Account - Acc # 015795017321031,ount,VENDHQ_REGISTERS.BANK_ACCOUNT
AMWAJ,333,Cash AMUAJJ MALL,Cash AMUAJJ MALL,VENDHQ_REGISTERS.CASH_ACCOUNT,AL Jazeerah Bank Amwaj Mall Account - Acc # 015795017321027,ount,VENDHQ_REGISTERS.BANK_ACCOUNT
WESTAVENUE,335,Cash WEST AVINEO,Cash WEST AVINEO,VENDHQ_REGISTERS.CASH_ACCOUNT,AL Jazeerah Bank West Avenuo Mall Account - Acc # 015795017321032,ount,VENDHQ_REGISTERS.BANK_ACCOUNT
NAKJPLAZA,332,Cash AL NAKheel PLAZA,Cash AL NAKheel PLAZA,VENDHQ_REGISTERS.CASH_ACCOUNT,AL Jazeerah Bank Nakhel Plaza Account - Acc # 015795017321038,ount,VENDHQ_REGISTERS.BANK_ACCOUNT
TALAMALL,364,Cash Tala Mall,Cash Tala Mall,VENDHQ_REGISTERS.CASH_ACCOUNT,AL Jazeerah Bank Tala Mall Account - Acc # 015795017321021,ount,VENDHQ_REGISTERS.BANK_ACCOUNT
KHERAIS,370,Cash Khris Mall,Cash Khris Mall,VENDHQ_REGISTERS.CASH_ACCOUNT,AL Jazeerah Bank Khuris Mall Account - Acc # 015795017321019,ount,VENDHQ_REGISTERS.BANK_ACCOUNT
JUBAIL,349,Cash AL JUBAIL MALL,Cash AL JUBAIL MALL,VENDHQ_REGISTERS.CASH_ACCOUNT,AL Jazeerah Bank Jubail Mall Account - Acc # 015795017321030,ount,VENDHQ_REGISTERS.BANK_ACCOUNT
TABOUK,376,Cash Tabuk Park Mall,Cash Tabuk Park Mall,VENDHQ_REGISTERS.CASH_ACCOUNT,AL Jazeerah Bank Tabouk Park Mall Account - Acc # 015795017321029,ount,VENDHQ_REGISTERS.BANK_ACCOUNT
ZAHRAN,336,Cash AL DAHRAN MALL,Cash AL DAHRAN MALL,VENDHQ_REGISTERS.CASH_ACCOUNT,AL Jazeerah Bank Dahran Mall Account - Acc # 015795017321039,ount,VENDHQ_REGISTERS.BANK_ACCOUNT
KADI,348,Cash KADI MALL,Cash KADI MALL,VENDHQ_REGISTERS.CASH_ACCOUNT,AL Jazeerah Bank Kadi Mall Account - Acc # 015795017321036,ount,VENDHQ_REGISTERS.BANK_ACCOUNT
JURIMALL,367,Cash JORI MALL,Cash JORI MALL,VENDHQ_REGISTERS.CASH_ACCOUNT,AL Jazeerah Bank Jory Mall Account - Acc # 015795017321035,ount,VENDHQ_REGISTERS.BANK_ACCOUNT
MUSCATCC,185,Cash City Centre Muscat,Cash City Centre Muscat,VENDHQ_REGISTERS.CASH_ACCOUNT,Oman Arab Bank OMR,Oman Arab Bank OMR,VENDHQ_REGISTERS.BANK_ACCOUNT
MAKTOWER,353,CASH Makkah tower Branch,CASH Makkah tower Branch,VENDHQ_REGISTERS.CASH_ACCOUNT,AL Jazeerah Bank MAKTOWER Account - Acc #,ount,VENDHQ_REGISTERS.BANK_ACCOUNT
FUJAIRAHCC,242,Cash FujairahCC,Cash FujairahCC,VENDHQ_REGISTERS.CASH_ACCOUNT,Abu Dhabi Islamic Bank Account AED,ount,VENDHQ_REGISTERS.BANK_ACCOUNT
MIRDIFFCC,243,Cash MCC,Cash MCC,VENDHQ_REGISTERS.CASH_ACCOUNT,Abu Dhabi Islamic Bank Account AED,ount,VENDHQ_REGISTERS.BANK_ACCOUNT
SOHARCITY,190,Cash Sohar City,Cash Sohar City,VENDHQ_REGISTERS.CASH_ACCOUNT,Oman Arab Bank OMR,Oman Arab Bank OMR,VENDHQ_REGISTERS.BANK_ACCOUNT
Hall 8,183,Cash Account Hall 8,ount,VENDHQ_REGISTERS.CASH_ACCOUNT,National Bank of Kuwait KWD - ACC #******,National Bank of Kuwait KWD - ACC #******,VENDHQ_REGISTERS.BANK_ACCOUNT
ALULA,372,CASH Al Ula Event Branch,CASH Al Ula Event Branch,VENDHQ_REGISTERS.CASH_ACCOUNT,AL Jazeerah Bank Ula Event Account - Acc # 015795017321041,ount,VENDHQ_REGISTERS.BANK_ACCOUNT
ARARMALL,369,Cash Ararmall,Cash Ararmall,VENDHQ_REGISTERS.CASH_ACCOUNT,AL Jazeerah Bank Ararmalld Account - Acc # 015795017321048,ount,VENDHQ_REGISTERS.BANK_ACCOUNT
GRMALLHAIL,337,CashOth Mall Hail,CashOth Mall Hail,VENDHQ_REGISTERS.CASH_ACCOUNT,AL Jazeerah Bank Oth Mall Hail Account - Acc # 015795017321045,ount,VENDHQ_REGISTERS.BANK_ACCOUNT
RABWA,362,Cash Oth Mall Rabwa,Cash Oth Mall Rabwa,VENDHQ_REGISTERS.CASH_ACCOUNT,AL Jazeerah Bank Oth Mall Rabwa Account - Acc # 015795017321047,ount,VENDHQ_REGISTERS.BANK_ACCOUNT
EXBSA02,355,Cash EXBSA02,Cash EXBSA02,VENDHQ_REGISTERS.CASH_ACCOUNT,AL Jazeerah Bank EXBSA02 Jed Account - Acc # 015795017321044,ount,VENDHQ_REGISTERS.BANK_ACCOUNT
ONAIZAH,354,Cash Onaizah,Cash Onaizah,VENDHQ_REGISTERS.CASH_ACCOUNT,AL Jazeerah Bank Onaizah  Account - Acc # 015795017321046,ount,VENDHQ_REGISTERS.BANK_ACCOUNT
EXBS,1,Cash EXBSA Riyadh,Cash EXBSA Riyadh,VENDHQ_REGISTERS.CASH_ACCOUNT,AL Jazeerah Bank EXBSA RYD Account - Acc #,ount,VENDHQ_REGISTERS.BANK_ACCOUNT
WEHDA,239,Cash AL Wehdah Mall,Cash AL Wehdah Mall,VENDHQ_REGISTERS.CASH_ACCOUNT,Abu Dhabi Islamic Bank Account AED,ount,VENDHQ_REGISTERS.BANK_ACCOUNT
DEERFIELDS,233,Cash Deerfields Mall,Cash Deerfields Mall,VENDHQ_REGISTERS.CASH_ACCOUNT,Abu Dhabi Islamic Bank Account AED,ount,VENDHQ_REGISTERS.BANK_ACCOUNT
CITYWALK,232,Cash City Walk Mall,Cash City Walk Mall,VENDHQ_REGISTERS.CASH_ACCOUNT,Abu Dhabi Islamic Bank Account AED,ount,VENDHQ_REGISTERS.BANK_ACCOUNT
MARSASEEF,237,Cash Marsa AL Seef Mall,Cash Marsa AL Seef Mall,VENDHQ_REGISTERS.CASH_ACCOUNT,Abu Dhabi Islamic Bank Account AED,ount,VENDHQ_REGISTERS.BANK_ACCOUNT
SAHARH,238,Cash Saharah Mall,Cash Saharah Mall,VENDHQ_REGISTERS.CASH_ACCOUNT,Abu Dhabi Islamic Bank Account AED,ount,VENDHQ_REGISTERS.BANK_ACCOUNT
ALAIN,231,Cash AL Ain Mall,Cash AL Ain Mall,VENDHQ_REGISTERS.CASH_ACCOUNT,Abu Dhabi Islamic Bank Account AED,ount,VENDHQ_REGISTERS.BANK_ACCOUNT
FUJAIRAH,235,Cash AL Fujairah Mall,Cash AL Fujairah Mall,VENDHQ_REGISTERS.CASH_ACCOUNT,Abu Dhabi Islamic Bank Account AED,ount,VENDHQ_REGISTERS.BANK_ACCOUNT
MANARRAK,236,Cash Manar Mall RAK,Cash Manar Mall RAK,VENDHQ_REGISTERS.CASH_ACCOUNT,Abu Dhabi Islamic Bank Account AED,ount,VENDHQ_REGISTERS.BANK_ACCOUNT
OMMAL,189,Cash Mall of Oman,Cash Mall of Oman,VENDHQ_REGISTERS.CASH_ACCOUNT,Oman Arab Bank OMR,Oman Arab Bank OMR,VENDHQ_REGISTERS.BANK_ACCOUNT
SALAMRYD,363,Cash Al Salam Mall,Cash Al Salam Mall,VENDHQ_REGISTERS.CASH_ACCOUNT,AL Jazeerah Bank Salam Ryd Mall Account - Acc # 015795017321022,ount,VENDHQ_REGISTERS.BANK_ACCOUNT
Avenues,72,Cash Account Avenues MALL,ount,VENDHQ_REGISTERS.CASH_ACCOUNT,National Bank of Kuwait KWD - ACC #******,National Bank of Kuwait KWD - ACC #******,VENDHQ_REGISTERS.BANK_ACCOUNT
DANA,368,CASH Dana Mall Branch,CASH Dana Mall Branch,VENDHQ_REGISTERS.CASH_ACCOUNT,AL Jazeerah Bank Dana Mall Account - Acc # 015795017321040,ount,VENDHQ_REGISTERS.BANK_ACCOUNT
DUBMAL,234,Cash Dubai Mall,Cash Dubai Mall,VENDHQ_REGISTERS.CASH_ACCOUNT,Abu Dhabi Islamic Bank Account AED,ount,VENDHQ_REGISTERS.BANK_ACCOUNT
YASKIOSK,241,Cash YASKIOSK,Cash YASKIOSK,VENDHQ_REGISTERS.CASH_ACCOUNT,Abu Dhabi Islamic Bank Account AED,ount,VENDHQ_REGISTERS.BANK_ACCOUNT
EXBOMN,191,Cash EXBOMN,Cash EXBOMN,VENDHQ_REGISTERS.CASH_ACCOUNT,Oman Arab Bank Account- ACC # 3106-573999-500,ount-,VENDHQ_REGISTERS.BANK_ACCOUNT
AVENUKIOSK,381,Cash Account Avenues Kiosk,ount,VENDHQ_REGISTERS.CASH_ACCOUNT,National Bank of Kuwait KWD - ACC #******,National Bank of Kuwait KWD - ACC #******,VENDHQ_REGISTERS.BANK_ACCOUNT
EXBSA04,379,Cash EXBSA04,Cash EXBSA04,VENDHQ_REGISTERS.CASH_ACCOUNT,AL Jazeerah Bank EXBSA04 Account - Acc #,ount,VENDHQ_REGISTERS.BANK_ACCOUNT
EXBSA03,373,Cash EXBSA03,Cash EXBSA03,VENDHQ_REGISTERS.CASH_ACCOUNT,AL Jazeerah Bank EXBSA03 Account - Acc #,ount,VENDHQ_REGISTERS.BANK_ACCOUNT
NAKHELMALL,360,Cash Nakheel Mall,Cash Nakheel Mall,VENDHQ_REGISTERS.CASH_ACCOUNT,AL Jazeerah Bank Nakhel Mall Account - Acc # 015795017321020,ount,VENDHQ_REGISTERS.BANK_ACCOUNT
ARABMALL,339,CASH Arab Mall Branch,CASH Arab Mall Branch,VENDHQ_REGISTERS.CASH_ACCOUNT,AL Jazeerah Bank Arab Mall Account - Acc # 015795017321008,ount,VENDHQ_REGISTERS.BANK_ACCOUNT
HAMRAA,357,Cash Al Hamra Mall,Cash Al Hamra Mall,VENDHQ_REGISTERS.CASH_ACCOUNT,AL Jazeerah Bank Hamraa Mall Account - Acc # 015795017321018,ount,VENDHQ_REGISTERS.BANK_ACCOUNT
MAKKAH,352,CASH Makkah Mall Branch,CASH Makkah Mall Branch,VENDHQ_REGISTERS.CASH_ACCOUNT,AL Jazeerah Bank Makkah Mall Account - Acc # 015795017321037,ount,VENDHQ_REGISTERS.BANK_ACCOUNT
AZIZMALL,340,CASH Aziz Mall Branch,CASH Aziz Mall Branch,VENDHQ_REGISTERS.CASH_ACCOUNT,AL Jazeerah Bank Aziz Mall Account - Acc # 015795017321012,ount,VENDHQ_REGISTERS.BANK_ACCOUNT
NOUR,351,Cash Noor Mall,Cash Noor Mall,VENDHQ_REGISTERS.CASH_ACCOUNT,AL Jazeerah Bank Al Noor Mall Account - Acc # 015795017321025,ount,VENDHQ_REGISTERS.BANK_ACCOUNT
TAWAREN,365,CASH Tawaren Center Branch,CASH Tawaren Center Branch,VENDHQ_REGISTERS.CASH_ACCOUNT,AL Jazeerah Bank Tawaren Center Account - Acc # 015795017321023,ount,VENDHQ_REGISTERS.BANK_ACCOUNT
TAHLIA-F,404,CASH Tahliah Center Branch,CASH Tahliah Center Branch,VENDHQ_REGISTERS.CASH_ACCOUNT,AL Jazeerah Bank Tahlia Center Account - Acc # 015795017321005,ount,VENDHQ_REGISTERS.BANK_ACCOUNT
TAHLIA,346,CASH Tahliah Center Branch,CASH Tahliah Center Branch,VENDHQ_REGISTERS.CASH_ACCOUNT,AL Jazeerah Bank Tahlia Center Account - Acc # 015795017321005,ount,VENDHQ_REGISTERS.BANK_ACCOUNT
SALAMJED,345,CASH Salam Mall Jeddah Branch,CASH Salam Mall Jeddah Branch,VENDHQ_REGISTERS.CASH_ACCOUNT,AL Jazeerah Bank Salam Jed Mall count - Acc # 015795017321009,015795017321009,VENDHQ_REGISTERS.BANK_ACCOUNT
RYDGALLER,361,Cash Riyadh Gallery,Cash Riyadh Gallery,VENDHQ_REGISTERS.CASH_ACCOUNT,AL Jazeerah Bank Riyad Gallery Account - Acc # 015795017321017,ount,VENDHQ_REGISTERS.BANK_ACCOUNT
REDSEA,344,CASH Red Sea Mall Branch,CASH Red Sea Mall Branch,VENDHQ_REGISTERS.CASH_ACCOUNT,AL Jazeerah Bank Red Sea Mall Account - Acc # 015795017321006,ount,VENDHQ_REGISTERS.BANK_ACCOUNT
HAYAT,358,Cash Al Hayat Mall,Cash Al Hayat Mall,VENDHQ_REGISTERS.CASH_ACCOUNT,AL Jazeerah Bank Hayat Mall Account - Acc # 015795017321016,ount,VENDHQ_REGISTERS.BANK_ACCOUNT
HAIFAA,342,CASH Haifaa Mall Branch,CASH Haifaa Mall Branch,VENDHQ_REGISTERS.CASH_ACCOUNT,AL Jazeerah Bank Haifa Mall Account - Acc # 015795017321013,ount,VENDHQ_REGISTERS.BANK_ACCOUNT
FLAMINGO,341,CASH Felamengo Mall Branch,CASH Felamengo Mall Branch,VENDHQ_REGISTERS.CASH_ACCOUNT,AL Jazeerah Bank Flamingo Mall Account - Acc # 015795017321014,ount,VENDHQ_REGISTERS.BANK_ACCOUNT
YASMEEN,347,CASH Yasmeen Mall Branch,CASH Yasmeen Mall Branch,VENDHQ_REGISTERS.CASH_ACCOUNT,AL Jazeerah Bank Yasmeen Mall Account - Acc # 015795017321010,ount,VENDHQ_REGISTERS.BANK_ACCOUNT
ANDLUS,338,CASH Andalus Mall Branch,CASH Andalus Mall Branch,VENDHQ_REGISTERS.CASH_ACCOUNT,AL Jazeerah Bank Andalus Mall Account - Acc # 015795017321007,ount,VENDHQ_REGISTERS.BANK_ACCOUNT
MANAR,350,Cash Al Manar Mall,Cash Al Manar Mall,VENDHQ_REGISTERS.CASH_ACCOUNT,AL Jazeerah Bank Al Manar Mall Account - Acc # 015795017321026,ount,VENDHQ_REGISTERS.BANK_ACCOUNT
PANORAMA,406,CashPANORAMA,CashPANORAMA,VENDHQ_REGISTERS.CASH_ACCOUNT,AL Jazeerah PANORAMA,AL Jazeerah PANORAMA,VENDHQ_REGISTERS.BANK_ACCOUNT
MAHMAL,343,CASH AL Mahmal Branch,CASH AL Mahmal Branch,VENDHQ_REGISTERS.CASH_ACCOUNT,AL Jazeerah Bank Mahmal Center Account - Acc # 015795017321011,ount,VENDHQ_REGISTERS.BANK_ACCOUNT
KHAFOTHAIM,386,CashKHAFOTHAIM,CashKHAFOTHAIM,VENDHQ_REGISTERS.CASH_ACCOUNT,AL Jazeerah Bank KHAFOTHAIM ACC # 015795017321058,015795017321058,VENDHQ_REGISTERS.BANK_ACCOUNT
HAFRBATIN,387,CashHAFRBATIN,CashHAFRBATIN,VENDHQ_REGISTERS.CASH_ACCOUNT,AL Jazeerah Bank HAFRBATIN ACC # 015795017321055,015795017321055,VENDHQ_REGISTERS.BANK_ACCOUNT
BUROTHAIM,388,CashBUROTHAIM,CashBUROTHAIM,VENDHQ_REGISTERS.CASH_ACCOUNT,AL Jazeerah Bank BUROTHAIM ACC # 015795017321053,015795017321053,VENDHQ_REGISTERS.BANK_ACCOUNT
DAMMOTHAIM,389,CashDAMMOTHAIM,CashDAMMOTHAIM,VENDHQ_REGISTERS.CASH_ACCOUNT,AL Jazeerah Bank DAMMOTHAIM ACC # 015795017321054,015795017321054,VENDHQ_REGISTERS.BANK_ACCOUNT
VILLAGEHMT,390,CashVILLAGEHMT,CashVILLAGEHMT,VENDHQ_REGISTERS.CASH_ACCOUNT,AL Jazeerah Bank VILLAGEHMT,AL Jazeerah Bank VILLAGEHMT,VENDHQ_REGISTERS.BANK_ACCOUNT
PARKHMT,391,CashPARKHMT,CashPARKHMT,VENDHQ_REGISTERS.CASH_ACCOUNT,AL Jazeerah Bank PARKHMT ACC # 015795017321056,015795017321056,VENDHQ_REGISTERS.BANK_ACCOUNT
NAKHDMM,392,CashNAKHDMM,CashNAKHDMM,VENDHQ_REGISTERS.CASH_ACCOUNT,AL Jazeerah Bank NAKHDMM,AL Jazeerah Bank NAKHDMM,VENDHQ_REGISTERS.BANK_ACCOUNT
Hall 4.2,393,Cash Account Hall 4,ount,VENDHQ_REGISTERS.CASH_ACCOUNT,National Bank of Kuwait KWD - ACC #******,National Bank of Kuwait KWD - ACC #******,VENDHQ_REGISTERS.BANK_ACCOUNT
Hall 8.2,394,Cash Account Hall 8,ount,VENDHQ_REGISTERS.CASH_ACCOUNT,National Bank of Kuwait KWD - ACC #******,National Bank of Kuwait KWD - ACC #******,VENDHQ_REGISTERS.BANK_ACCOUNT
AJAWEED,395,CashAJAWEED,CashAJAWEED,VENDHQ_REGISTERS.CASH_ACCOUNT,AL Jazeerah BankAJAWEED,AL Jazeerah BankAJAWEED,VENDHQ_REGISTERS.BANK_ACCOUNT
RYDAVENUE,396,CashRYDAVENUE,CashRYDAVENUE,VENDHQ_REGISTERS.CASH_ACCOUNT,AL Jazeerah BankRYDAVENUE,AL Jazeerah BankRYDAVENUE,VENDHQ_REGISTERS.BANK_ACCOUNT
RYDPARK,397,CashRYDPARK,CashRYDPARK,VENDHQ_REGISTERS.CASH_ACCOUNT,AL Jazeerah BankRYDPARK,AL Jazeerah BankRYDPARK,VENDHQ_REGISTERS.BANK_ACCOUNT
OBHURMALL,398,CashOBHURMALL,CashOBHURMALL,VENDHQ_REGISTERS.CASH_ACCOUNT,AL Jazeerah BankOBHURMALL,AL Jazeerah BankOBHURMALL,VENDHQ_REGISTERS.BANK_ACCOUNT
HAMDANIIYA,401,CashHAMDANIIYA,CashHAMDANIIYA,VENDHQ_REGISTERS.CASH_ACCOUNT,AL Jazeerah BankHAMDANIIYA,AL Jazeerah BankHAMDANIIYA,VENDHQ_REGISTERS.BANK_ACCOUNT
ALKOUTMALL,399,Cash Account ALKOUTMALL,ount,VENDHQ_REGISTERS.CASH_ACCOUNT,National Bank of Kuwait KWD - ACC #******,National Bank of Kuwait KWD - ACC #******,VENDHQ_REGISTERS.BANK_ACCOUNT
GATEMALL,400,Cash Account GATEMALL,ount,VENDHQ_REGISTERS.CASH_ACCOUNT,National Bank of Kuwait KWD - ACC #******,National Bank of Kuwait KWD - ACC #******,VENDHQ_REGISTERS.BANK_ACCOUNT
HIJABMALL,407,Cash HIJABMALL,Cash HIJABMALL,VENDHQ_REGISTERS.CASH_ACCOUNT,AL Jazeerah HIJABMALL,AL Jazeerah HIJABMALL,VENDHQ_REGISTERS.BANK_ACCOUNT
HILTONMAK,408,Cash HILTONMAK,Cash HILTONMAK,VENDHQ_REGISTERS.CASH_ACCOUNT,AL Jazeerah HILTONMAK,AL Jazeerah HILTONMAK,VENDHQ_REGISTERS.BANK_ACCOUNT
KHURAISSQ2,409,Cash KHURAISSQ,Cash KHURAISSQ,VENDHQ_REGISTERS.CASH_ACCOUNT,AL Jazeerah KHURAISSQ,AL Jazeerah KHURAISSQ,VENDHQ_REGISTERS.BANK_ACCOUNT
PRNCSLRD,410,Cash PRNCSLRD,Cash PRNCSLRD,VENDHQ_REGISTERS.CASH_ACCOUNT,AL Jazeerah PRNCSLRD,AL Jazeerah PRNCSLRD,VENDHQ_REGISTERS.BANK_ACCOUNT
RIYADHDST,411,Cash RIYADHDST,Cash RIYADHDST,VENDHQ_REGISTERS.CASH_ACCOUNT,AL Jazeerah RIYADHDST,AL Jazeerah RIYADHDST,VENDHQ_REGISTERS.BANK_ACCOUNT
RYDSHIFA,412,Cash RYDSHIFA,Cash RYDSHIFA,VENDHQ_REGISTERS.CASH_ACCOUNT,AL Jazeerah RYDSHIFA,AL Jazeerah RYDSHIFA,VENDHQ_REGISTERS.BANK_ACCOUNT
MAKAHMEJAZ,467,Cash MAKAHMEJAZ,Cash MAKAHMEJAZ,VENDHQ_REGISTERS.CASH_ACCOUNT,AL Jazeerah Bank MAKAHMEJAZ,AL Jazeerah Bank MAKAHMEJAZ,VENDHQ_REGISTERS.BANK_ACCOUNT
KUWTMARINA,468,Cash Account KUWTMARINA,ount,VENDHQ_REGISTERS.CASH_ACCOUNT,National Bank of Kuwait KWD - ACC #******,National Bank of Kuwait KWD - ACC #******,VENDHQ_REGISTERS.BANK_ACCOUNT
NAJKINGROD,469,Cash NAJKINGROD,Cash NAJKINGROD,VENDHQ_REGISTERS.CASH_ACCOUNT,AL Jazeerah Bank NAJKINGROD,AL Jazeerah Bank NAJKINGROD,VENDHQ_REGISTERS.BANK_ACCOUNT
RYDSAWARIP,474,Cash RYDSAWARIP,Cash RYDSAWARIP,VENDHQ_REGISTERS.CASH_ACCOUNT,AL Jazeerah Bank RYDSAWARIP,AL Jazeerah Bank RYDSAWARIP,VENDHQ_REGISTERS.BANK_ACCOUNT
NAJRANPLZA,475,Cash NAJRANPLZA,Cash NAJRANPLZA,VENDHQ_REGISTERS.CASH_ACCOUNT,AL Jazeerah Bank NAJRANPLZA,AL Jazeerah Bank NAJRANPLZA,VENDHQ_REGISTERS.BANK_ACCOUNT
ABHATIMSQR,476,Cash ABHATIMSQR,Cash ABHATIMSQR,VENDHQ_REGISTERS.CASH_ACCOUNT,AL Jazeerah Bank ABHATIMSQR,AL Jazeerah Bank ABHATIMSQR,VENDHQ_REGISTERS.BANK_ACCOUNT
ALARIDAH,477,Cash ALARIDAH,Cash ALARIDAH,VENDHQ_REGISTERS.CASH_ACCOUNT,AL Jazeerah Bank ALARIDAH,AL Jazeerah Bank ALARIDAH,VENDHQ_REGISTERS.BANK_ACCOUNT
SAMTAHMALL,478,Cash SAMTAHMALL,Cash SAMTAHMALL,VENDHQ_REGISTERS.CASH_ACCOUNT,AL Jazeerah Bank SAMTAHMALL,AL Jazeerah Bank SAMTAHMALL,VENDHQ_REGISTERS.BANK_ACCOUNT
JEDANDLUS2,479,Cash JEDANDLUS2,Cash JEDANDLUS2,VENDHQ_REGISTERS.CASH_ACCOUNT,AL Jazeerah Bank JEDANDLUS2,AL Jazeerah Bank JEDANDLUS2,VENDHQ_REGISTERS.BANK_ACCOUNT
SABIAYASMN,482,Cash SABIAYASMN,Cash SABIAYASMN,VENDHQ_REGISTERS.CASH_ACCOUNT,AL Jazeerah Bank SABIAYASMN,AL Jazeerah Bank SABIAYASMN,VENDHQ_REGISTERS.BANK_ACCOUNT
DUBSILCNML,484,Cash DUBSILCNML,Cash DUBSILCNML,VENDHQ_REGISTERS.CASH_ACCOUNT,Abu Dhabi Islamic Bank Account AED,ount,VENDHQ_REGISTERS.BANK_ACCOUNT
UWALKJED,502,Cash UWALKJED,Cash UWALKJED,VENDHQ_REGISTERS.CASH_ACCOUNT,AL Jazeerah Bank UWALKJED,AL Jazeerah Bank UWALKJED,VENDHQ_REGISTERS.BANK_ACCOUNT
BARKAOMN,512,Cash BARKAOMN,Cash BARKAOMN,VENDHQ_REGISTERS.CASH_ACCOUNT,Oman Arab Bank Account- ACC # 3106-573999-500,ount-,VENDHQ_REGISTERS.BANK_ACCOUNT
GALRYRYD2,514,Cash GALRYRYD2,Cash GALRYRYD2,VENDHQ_REGISTERS.CASH_ACCOUNT,AL Jazeerah Bank GALRYRYD2,AL Jazeerah Bank GALRYRYD2,VENDHQ_REGISTERS.BANK_ACCOUNT
LELEMALL,515,Cash LELEMALL,Cash LELEMALL,VENDHQ_REGISTERS.CASH_ACCOUNT,AL Jazeerah Bank LELEMALL,AL Jazeerah Bank LELEMALL,VENDHQ_REGISTERS.BANK_ACCOUNT
HIRAAJED,516,Cash HIRAAJED,Cash HIRAAJED,VENDHQ_REGISTERS.CASH_ACCOUNT,AL Jazeerah Bank HIRAAJED,AL Jazeerah Bank HIRAAJED,VENDHQ_REGISTERS.BANK_ACCOUNT
MTHNBOTHAM,518,Cash MTHNBOTHAM,Cash MTHNBOTHAM,VENDHQ_REGISTERS.CASH_ACCOUNT,AL Jazeerah Bank MTHNBOTHAM,AL Jazeerah Bank MTHNBOTHAM,VENDHQ_REGISTERS.BANK_ACCOUNT
KHOBRRASHD,519,Cash KHOBRRASHD,Cash KHOBRRASHD,VENDHQ_REGISTERS.CASH_ACCOUNT,AL Jazeerah Bank KHOBRRASHD,AL Jazeerah Bank KHOBRRASHD,VENDHQ_REGISTERS.BANK_ACCOUNT
EHSAOTHAIM,520,Cash EHSAOTHAIM,Cash EHSAOTHAIM,VENDHQ_REGISTERS.CASH_ACCOUNT,AL Jazeerah Bank EHSAOTHAIM,AL Jazeerah Bank EHSAOTHAIM,VENDHQ_REGISTERS.BANK_ACCOUNT
SHUBAILYML,521,Cash SHUBAILYML,Cash SHUBAILYML,VENDHQ_REGISTERS.CASH_ACCOUNT,AL Jazeerah Bank SHUBAILYML,AL Jazeerah Bank SHUBAILYML,VENDHQ_REGISTERS.BANK_ACCOUNT
DMMMARINA,522,Cash DMMMARINA,Cash DMMMARINA,VENDHQ_REGISTERS.CASH_ACCOUNT,AL Jazeerah Bank DMMMARINA,AL Jazeerah Bank DMMMARINA,VENDHQ_REGISTERS.BANK_ACCOUNT
JEDMNDARIN,523,Cash JEDMNDARIN,Cash JEDMNDARIN,VENDHQ_REGISTERS.CASH_ACCOUNT,AL Jazeerah Bank JEDMNDARIN,AL Jazeerah Bank JEDMNDARIN,VENDHQ_REGISTERS.BANK_ACCOUNT
JEDWAHBLVD,524,Cash JEDWAHBLVD,Cash JEDWAHBLVD,VENDHQ_REGISTERS.CASH_ACCOUNT,AL Jazeerah Bank JEDWAHBLVD,AL Jazeerah Bank JEDWAHBLVD,VENDHQ_REGISTERS.BANK_ACCOUNT
MAKHIJZMLL,525,Cash MAKHIJZMLL,Cash MAKHIJZMLL,VENDHQ_REGISTERS.CASH_ACCOUNT,AL Jazeerah Bank MAKHIJZMLL,AL Jazeerah Bank MAKHIJZMLL,VENDHQ_REGISTERS.BANK_ACCOUNT
JEDMRWACTR,526,Cash JEDMRWACTR,Cash JEDMRWACTR,VENDHQ_REGISTERS.CASH_ACCOUNT,AL Jazeerah Bank JEDMRWACTR,AL Jazeerah Bank JEDMRWACTR,VENDHQ_REGISTERS.BANK_ACCOUNT
MAKDYAFAML,527,Cash MAKDYAFAML,Cash MAKDYAFAML,VENDHQ_REGISTERS.CASH_ACCOUNT,AL Jazeerah Bank MAKDYAFAML,AL Jazeerah Bank MAKDYAFAML,VENDHQ_REGISTERS.BANK_ACCOUNT
JEDMUSADIA,528,Cash JEDMUSADIA,Cash JEDMUSADIA,VENDHQ_REGISTERS.CASH_ACCOUNT,AL Jazeerah Bank JEDMUSADIA,AL Jazeerah Bank JEDMUSADIA,VENDHQ_REGISTERS.BANK_ACCOUNT
RASSBULVRD,529,Cash RASSBULVRD,Cash RASSBULVRD,VENDHQ_REGISTERS.CASH_ACCOUNT,AL Jazeerah Bank RASSBULVRD,AL Jazeerah Bank RASSBULVRD,VENDHQ_REGISTERS.BANK_ACCOUNT
RYDMARINA,547,Cash RYDMARINA,Cash RYDMARINA,VENDHQ_REGISTERS.CASH_ACCOUNT,AL Jazeerah Bank RYDMARINA,AL Jazeerah Bank RYDMARINA,VENDHQ_REGISTERS.BANK_ACCOUNT
ARARWOMNMT,558,Cash ARARWOMNMT,Cash ARARWOMNMT,VENDHQ_REGISTERS.CASH_ACCOUNT,AL Jazeerah Bank ARARWOMNMT,AL Jazeerah Bank ARARWOMNMT,VENDHQ_REGISTERS.BANK_ACCOUNT
SKAKAPLAZA,561,Cash SKAKAPLAZA,Cash SKAKAPLAZA,VENDHQ_REGISTERS.CASH_ACCOUNT,AL Jazeerah Bank SKAKAPLAZA,AL Jazeerah Bank SKAKAPLAZA,VENDHQ_REGISTERS.BANK_ACCOUNT
SKAKASHLHB,562,Cash SKAKASHLHB,Cash SKAKASHLHB,VENDHQ_REGISTERS.CASH_ACCOUNT,AL Jazeerah Bank SKAKASHLHB,AL Jazeerah Bank SKAKASHLHB,VENDHQ_REGISTERS.BANK_ACCOUNT
SBTALYABVD,571,Cash SBTALYABVD,Cash SBTALYABVD,VENDHQ_REGISTERS.CASH_ACCOUNT,AL Jazeerah Bank SBTALYABVD,AL Jazeerah Bank SBTALYABVD,VENDHQ_REGISTERS.BANK_ACCOUNT
MAKADANPLZ,573,Cash MAKADANPLZ,Cash MAKADANPLZ,VENDHQ_REGISTERS.CASH_ACCOUNT,AL Jazeerah Bank MAKADANPLZ,AL Jazeerah Bank MAKADANPLZ,VENDHQ_REGISTERS.BANK_ACCOUNT
NJRANCFRNT,576,Cash NJRANCFRNT,Cash NJRANCFRNT,VENDHQ_REGISTERS.CASH_ACCOUNT,AL Jazeerah Bank NJRANCFRNT,AL Jazeerah Bank NJRANCFRNT,VENDHQ_REGISTERS.BANK_ACCOUNT
